regName,regCode,cohort_T4,cohort_T5,cohort_T6
Abemaciclib and Anastrozole,8865,f,f,e
Abemaciclib and Letrozole,8872,f,f,e
Abemaciclib monotherapy,7939,f,f,e
Abiraterone and Apalutamide,8531,f,f,e
Abiraterone and Niraparib,129490,f,f,e
Abiraterone and Olaparib,112451,f,f,e
Abiraterone monotherapy,34477,f,f,e
Acalabrutinib monotherapy,12460,f,f,e
HAA,1286,f,f,e
Adagrasib and Cetuximab,116565,f,f,e
Adagrasib monotherapy,110420,f,f,e
Afatinib and Bevacizumab,24534,f,f,e
Afatinib and Cetuximab,24580,f,f,e
Afatinib and Paclitaxel,30435,f,f,e
Afatinib monotherapy,10705,f,f,e
Alectinib monotherapy,10668,f,f,e
Alitretinoin monotherapy,21632,f,f,e
"Arsenic trioxide, ATRA, Gemtuzumab ozogamicin",2348,f,f,e
ATRA and Danazol,23881,f,f,e
"ATRA, Mercaptopurine, Methotrexate",2471,f,f,e
"Arsenic trioxide, ATRA, Idarubicin",2351,f,f,e
TAD (Tamoxifen),10503,f,f,e
Aminoglutethimide monotherapy,10233,f,f,e
Helicobacter pylori eradication therapy,16114,f,f,e
Amoxicillin and Omemprazole,11874,f,f,e
MACE,113768,f,f,e
Aspirin and Anagrelide,18554,f,f,e
Anagrelide monotherapy,18540,f,f,e
Anakinra monotherapy,49792,f,f,e
"Anastrozole, Goserelin, Palbociclib",37083,f,f,e
"Anastrozole, Goserelin, Ribociclib",8928,f,f,e
Anastrozole and Goserelin,8298,f,f,e
Anastrozole and Palbociclib,47395,f,f,e
Anastrozole and Ribociclib,139653,f,f,e
Tamoxifen-Anastrozole,118336,f,f,e
Anastrozole monotherapy,8277,f,f,e
ATG (Horse) and Cyclosporine,3587,f,f,e
Apalutamide monotherapy,34521,f,f,e
Apatinib and Camrelizumab,121213,f,f,e
Apatinib and Gefitinib,22695,f,f,e
Apatinib monotherapy,18202,f,f,e
Apixaban monotherapy,38069,f,f,e
Arsenic trioxide monotherapy,2277,f,f,e
Asciminib monotherapy,26244,f,f,e
DOLP,4339,f,f,e
"L-Asparaginase, Vincristine, Prednisolone",5009,f,f,e
Aspirin and Warfarin,16143,f,f,e
Aspirin monotherapy,33540,f,f,e
Aumolertinib monotherapy,12646,f,f,e
Samarium-153 with stem cell support,31466,f,f,e
Avapritinib monotherapy,25348,f,f,e
Avatrombopag monotherapy,23888,f,f,e
Axitinib and Avelumab,35414,f,f,e
Axitinib and Pembrolizumab,17145,f,f,e
Axitinib and Toripalimab,139709,f,f,e
Axitinib monotherapy,35421,f,f,e
Axitinib and TACE,22034,f,f,e
Azacitidine and Ivosidenib,49832,f,f,e
Azacitidine and Gemtuzumab ozogamicin,1377,f,f,e
Belumosudil monotherapy,119945,f,f,e
Belzutifan monotherapy,29719,f,f,e
Bendamustine and Rituximab (BR) and Ibrutinib,12331,f,f,e
Bendamustine monotherapy,4300,f,f,e
Capecitabine and Bevacizumab,7214,f,f,e
Erlotinib and Bevacizumab,2587,f,f,e
Letrozole and Bevacizumab,9024,f,f,e
Olaparib and Bevacizumab,13258,f,f,e
Bexarotene and Pralatrexate,15477,f,f,e
Bexarotene monotherapy,15454,f,f,e
Bicalutamide and Goserelin,34076,f,f,e
Bicalutamide and Leuprolide,34313,f,f,e
Bicalutamide monotherapy,34251,f,f,e
Binimetinib and Encorafenib,25829,f,f,e
Binimetinib monotherapy,25911,f,f,e
BEP,2531,f,f,b
m-BACOD,17083,f,f,e
Dasatinib and Blinatumomab,22581,f,f,e
Ponatinib and Blinatumomab,114000,f,f,e
V-HyperCAD,27755,f,f,e
Doxycycline-CyBorD,65890,f,f,e
VDC,24299,f,f,e
Bortezomib and Cyclophosphamide,27563,f,f,e
"Bortezomib, Thalidomide, Dexamethasone, Panobinostat",27589,f,f,e
VTD,26215,f,f,e
RVR,38664,f,f,e
VMPT,26728,f,f,e
VTD-PACE,27068,f,f,b
Bortezomib monotherapy,11189,f,f,e
Bosutinib monotherapy,4858,f,f,e
Busulfan monotherapy,13222,f,f,e
Busulfan and Cyclophosphamide,2747,f,f,e
Cabazitaxel and Prednisolone,12061,f,f,e
Cabazitaxel and Prednisone,34641,f,f,e
Cabozantinib and Erlotinib,30471,f,f,e
Cabozantinib and Nivolumab,32918,f,f,e
Cabozantinib monotherapy,22317,f,f,e
ECX,17934,f,f,b
EOX,17942,f,f,e
CapeOx and Erlotinib,1009,f,f,e
Capecitabine and Erlotinib,33148,f,f,e
Capecitabine and Lapatinib,9577,f,f,e
Capecitabine and Neratinib,9724,f,f,e
CapeOx,13628,f,f,e
Capecitabine and Pyrotinib,13277,f,f,e
Capecitabine monotherapy,6323,f,f,e
Capmatinib monotherapy,3245,f,f,e
"Carboplatin, Docetaxel, Prednisone",34680,f,f,c
CEV (Carboplatin/Etoposide),36668,f,f,c
GCP,2595,f,f,c
Carboplatin and Gemcitabine/Erlotinib,30923,f,f,c
"Carboplatin, Osimertinib, Pemetrexed",14465,f,f,c
Carboplatin and Paclitaxel (CP) and Nintedanib,48148,f,f,c
Carboplatin monotherapy,11393,f,f,c
KRD-PACE,59261,f,f,b
KTD,26243,f,f,e
Carmustine monotherapy,3206,f,f,e
BEAC,3961,f,f,e
BCNU/TT,3948,f,f,e
"Celecoxib, Erlotinib, Methotrexate, Nivolumab",120003,f,f,e
"Celecoxib, Erlotinib, Methotrexate",120002,f,f,e
Celecoxib and Methotrexate,120001,f,f,e
Ceritinib monotherapy,10693,f,f,e
"Irinotecan, Vemurafenib, Cetuximab",50183,f,f,e
Exemestane and Tucidinostat,79287,f,f,e
Chidamide monotherapy,33461,f,f,e
"Chlorambucil, Dactinomycin, Methotrexate",37559,f,f,e
Chlorambucil and Rituximab (RClb),11885,f,f,e
Chlorambucil monotherapy,12697,f,f,e
DCEP,26235,f,f,b
DICEP,17018,f,f,b
CPB,10073,f,f,b
DECA,17307,f,f,e
DHAP - time intensified,23181,f,f,b
Cisplatin and Doxorubicin,15585,f,f,b
R-ESHAP,16328,f,f,b
"Cisplatin, Gefitinib, Pemetrexed",114738,f,f,b
GDPT,33365,f,f,b
Cisplatin and Gemcitabine/Erlotinib,30924,f,f,b
"Cisplatin, Interferon alfa-2a, Isotretinoin",15652,f,f,b
Cisplatin and Mitotane,51404,f,f,b
"Cisplatin, Osimertinib, Pemetrexed",15375,f,f,b
COG A9961 regimen,112621,f,f,e
Altretamine and Cisplatin (HD),32484,f,f,b
Cladribine monotherapy,2239,f,f,e
"Clarithromycin, Metronidzole, PPI",15267,f,f,e
CCE,4700,f,f,e
Clofarabine and Cytarabine,1719,f,f,e
CLARA,1595,f,f,e
CIA,1246,f,f,e
Clofarabine and LoDAC,1435,f,f,e
Clofarabine monotherapy,1422,f,f,e
Cobimetinib and Vemurafenib,25841,f,f,e
Colchicine monotherapy,49894,f,f,e
Crizotinib monotherapy,30848,f,f,e
R-CODOX-M/R-IVAC,10647,f,f,e
CODOX-M/IVAC,10608,f,f,e
"Cyclophosphamide, Cytarabine, Mercaptopurine",4363,f,f,e
AALL0232 consolidation,4826,f,f,e
VAC,35925,f,f,e
Hyper-CVAD,27696,f,f,e
Cyclophosphamide and Dexamethasone,27254,f,f,e
"Cyclophosphamide, Prednisone, Diethylstilbestrol",34695,f,f,e
VACOP-B,17164,f,f,e
CAF and MPA,10284,f,f,e
AC-TL (Paclitaxel),75745,f,f,e
"Neratinib and Paclitaxel, then AC",72741,f,f,e
CAP-BOP,16727,f,f,e
ACT,9935,f,f,e
CODOX-M,10595,f,f,e
CEFT,142175,f,f,e
CEEP,16759,f,f,e
Cyclophosphamide and Fludarabine (FC),2913,f,f,e
CMFPT,10012,f,f,e
CMFVP,10025,f,f,e
CMFP,9985,f,f,e
CMFT,6580,f,f,e
CMF,6134,f,f,e
CFP,9957,f,f,e
Imatinib-based consolidation,4845,f,f,e
CPR,26572,f,f,e
CHUT,4151,f,f,e
COPADM,10541,f,f,e
Cyclophosphamide and Methotrexate (CM),47473,f,f,e
PCP,27728,f,f,e
Cyclophosphamide and Prednisone,797,f,f,e
TCP,11218,f,f,e
CVP,12242,f,f,e
Cyclophosphamide and Topotecan,18718,f,f,e
Cyclophosphamide monotherapy,3360,f,f,e
TT4,23874,f,f,e
Cyproterone acetate monotherapy,34960,f,f,e
ADE and GO,3117,f,f,e
ADE (standard-dose Ara-C),1175,f,f,e
ADE (high-dose Ara-C),1245,f,f,e
DA 3+8 and GO,32029,f,f,e
"DA 3+10, GO",1259,f,f,e
7+3d and GO,1093,f,f,e
"Cytarabine, Daunorubicin, Mercaptopurine, Prednisolone",2010,f,f,e
HAD,1293,f,f,e
7+3d and Sorafenib,1892,f,f,e
DAT,2033,f,f,e
"Cytarabine, Daunorubicin, Vincristine",1990,f,f,e
7+3d,814,f,f,e
5+2d,1002,f,f,e
DA 3+10,1276,f,f,e
7+3d and Midostaurin,1889,f,f,e
7+3d and Quizartinib,41857,f,f,e
FLAG-DNX,1873,f,f,e
Cytarabine and Etoposide (CYVE),1105,f,f,e
AIE,1294,f,f,e
MEC,1344,f,f,e
FLAG,1771,f,f,e
FLAG-Ida,1285,f,f,e
F-SHAI,1797,f,f,e
Glasdegib and LoDAC,1478,f,f,e
Cytarabine and Idarubicin,1104,f,f,e
"Cytarabine, Idarubicin, Rituximab",4419,f,f,e
7+3i and Sorafenib,1153,f,f,e
7+3i,1095,f,f,e
7+3i and Panobinostat,1965,f,f,e
7+3i and Quizartinib,42055,f,f,e
HAM and Imatinib,4831,f,f,e
"Cytarabine, Idarubicin, Imatinib",4834,f,f,e
MAC,21263,f,f,e
IDAC and Sorafenib,1894,f,f,e
Cytarabine and Thioguanine,1774,f,f,e
High-dose Cytarabine monotherapy (HiDAC),839,f,f,e
HAM,1004,f,f,e
HiDAC and ATRA,120265,f,f,e
Amsacrine and HiDAC,32042,f,f,e
R-HiDAC,24456,f,f,e
SHAI,2224,f,f,e
HiDAC and Quizartinib,120266,f,f,e
"Dabrafenib, Trametinib, Panitumumab",49917,f,f,e
Dabrafenib and Trametinib,5134,f,f,e
Dabrafenib monotherapy,11071,f,f,e
Dacarbazine and Tamoxifen,25967,f,f,e
Dacomitinib monotherapy,30925,f,f,e
VA,35912,f,f,e
Danazol monotherapy,23901,f,f,e
"Dasatinib, Vincristine, Prednisone",4854,f,f,e
Dasatinib monotherapy,4853,f,f,e
"Daunorubicin, Pegaspargase, Vincristine, Prednisone, Dasatinib",4974,f,f,e
"Daunorubicin, Pegaspargase, Vincristine, Dexamethasone",4523,f,f,e
"Daunorubicin, L-Asparaginase, Vincristine, Dexamethasone",120095,f,f,e
"Daunorubicin, L-Asparaginase, Vincristine, Prednisone, Imatinib",4364,f,f,e
DOLP (Prednisolone),1748,f,f,e
"Daunorubicin, Vincristine, Prednisolone",139997,f,f,e
"Daunorubicin, Pegaspargase, Vincristine, Prednisone",4524,f,f,e
Daunorubicin monotherapy,2025,f,f,e
Decitabine and Venetoclax,1475,f,f,e
TAD (Thalidomide),26832,f,f,e
VAD,26237,f,f,e
"Imatinib, Vincristine, Dexamethasone",4832,f,f,e
ITd,145933,f,f,e
"Lenalidomide, Dexamethasone, Rituximab",19665,f,f,e
"Mitoxantrone, Asparaginase Erwinia chrysanthemi, Vincristine, Dexamethasone",2978,f,f,e
"Cyclophosphamide, Cytarabine, Pegaspargase, Thioguanine, Vincristine, Dexamethasone",48495,f,f,e
Pomalidomide and Dexamethasone (Pd),50298,f,f,e
"Ponatinib, Vincristine, Dexamethasone",141240,f,f,e
Dexamethasone and Prednisone,115828,f,f,e
Thalidomide and Dexamethasone (TD),26267,f,f,e
DexaBEAM,23168,f,f,e
Aspirin and Dexamethasone,34895,f,f,e
DES monotherapy,10354,f,f,e
"Docetaxel, Enzalutamide, Prednisolone",47246,f,f,e
Docetaxel and Prednisolone,1727,f,f,e
Docetaxel and Prednisone,34709,f,f,e
Docetaxel and Vandetanib,30718,f,f,e
Docetaxel and Nintedanib,47638,f,f,e
Donafenib monotherapy,51814,f,f,e
"Doxorubicin, Methotrexate, Vincristine, Prednisone",4969,f,f,e
"Doxorubicin, Methotrexate, Pegaspargase, Vincristine, Methylprednisolone",35089,f,f,e
Mitotane and EDP,2655,f,f,b
"Cyclophosphamide, Doxorubicin, L-asparaginase, Vincristine, Prednisolone",4942,f,f,e
Doxorubicin and Sorafenib,76136,f,f,e
Doxycycline monotherapy,24926,f,f,e
"Ketoconazole, Hydrocortisone, Dutasteride",34592,f,f,e
Duvelisib monotherapy,12339,f,f,e
Eflornithine monotherapy,135221,f,f,e
Elacestrant monotherapy,18395,f,f,e
Eltrombopag monotherapy,3657,f,f,e
Enasidenib monotherapy,1925,f,f,e
Ensartinib monotherapy,63931,f,f,e
Entrectinib monotherapy,48540,f,f,e
Enzalutamide and Leuprolide,122262,f,f,e
Enzalutamide monotherapy,9909,f,f,e
Erythropoetin alfa and Lenalidomide,122281,f,f,e
Erlotinib and Gemcitabine,32789,f,f,e
Erlotinib and Ramucirumab,49968,f,f,e
Erlotinib monotherapy,17426,f,f,e
Estradiol monotherapy,10379,f,f,e
IE,18744,f,f,e
R-IFE,16173,f,f,e
ICE,17310,f,f,c
Etoposide and Mitoxantrone,1630,f,f,e
Etoposide monotherapy,3367,f,f,e
PCE,2610,f,f,c
Everolimus and Exemestane,9270,f,f,e
Everolimus and Lenvatinib,35823,f,f,e
Everolimus and Octreotide,28767,f,f,e
Everolimus and Tamoxifen,9288,f,f,e
Everolimus monotherapy,16485,f,f,e
Exemestane and Palbociclib,60434,f,f,e
Tamoxifen-Exemestane,118337,f,f,e
Exemestane monotherapy,8392,f,f,e
Fedratinib monotherapy,48563,f,f,e
Fludarabine and Ibrutinib,66309,f,f,e
mFOLFOX and Sorafenib,47112,f,f,e
PFT,10224,f,f,e
PCF,17951,f,f,b
Fluorouracil monotherapy,14287,f,f,e
Fluoxymesterone and Tamoxifen,75726,f,f,e
Fluoxymesterone monotherapy,10386,f,f,e
Flutamide and Goserelin,33851,f,f,e
Flutamide and Leuprolide,34375,f,f,e
Flutamide monotherapy,34333,f,f,e
Forodesine monotherapy,33468,f,f,e
Fostamatinib monotherapy,23945,f,f,e
Furmonertinib monotherapy,51353,f,f,e
Futibatinib monotherapy,20253,f,f,e
"Gefitinib, Nedaplatin, Pemetrexed",114927,f,f,e
Gefitinib and Pemetrexed,30974,f,f,e
Gefitinib monotherapy,30152,f,f,e
GemOx and Sorafenib,47111,f,f,e
Gemtuzumab ozogamicin monotherapy,1477,f,f,e
Gilteritinib monotherapy,1903,f,f,e
"Goserelin, Letrozole, Ribociclib",64311,f,f,e
Goserelin and Letrozole,64310,f,f,e
"Goserelin, Ribociclib, Tamoxifen",9027,f,f,e
Goserelin and Tamoxifen,6851,f,f,e
Goserelin monotherapy,8435,f,f,e
Ketoconazole and Hydrocortisone,34585,f,f,e
Hydroxyurea and Imatinib,20891,f,f,e
Hydroxyurea and Interferon alfa-2a,12984,f,f,e
Hydroxyurea monotherapy,18563,f,f,e
Ibritumomab tiuxetan protocol,15943,f,f,e
Ibrutinib and Rituximab,12543,f,f,e
Ibrutinib and Venetoclax,24825,f,f,e
Ibrutinib monotherapy,12027,f,f,e
Icotinib monotherapy,10738,f,f,e
Idelalisib and Rituximab,12120,f,f,e
Idelalisib monotherapy,12555,f,f,e
Imatinib and Peginterferon alfa-2a,61215,f,f,e
Imatinib monotherapy,4907,f,f,e
"Daunorubicin, Pegaspargase, Vincristine, Prednisone, Imatinib",4983,f,f,e
Imatinib and LoDAC,13161,f,f,e
Lanreotide and Interferon alfa-2b,28801,f,f,e
Octreotide and Interferon alfa,28850,f,f,e
Interferon alfa-2b and Thalidomide,28104,f,f,e
Interferon alfa-n1 monotherapy,50182,f,f,e
Ipilimumab and Nivolumab,11084,f,f,e
Iptacopan monotherapy,61271,f,f,e
Ivosidenib monotherapy,1917,f,f,e
Lanreotide monotherapy,28813,f,f,e
Lapatinib and Letrozole,9204,f,f,e
THL (Paclitaxel),5785,f,f,e
Lapatinib and Paclitaxel (TL),5786,f,f,e
Lapatinib monotherapy,120475,f,f,e
Larotrectinib monotherapy,28567,f,f,e
Lazertinib monotherapy,123750,f,f,e
Lenalidomide and Prednisone (RP),26391,f,f,e
Lenalidomide and Rituximab (R2),12127,f,f,e
Lenalidomide monotherapy,2720,f,f,e
Lenvatinib and Pembrolizumab,48278,f,f,e
Lenvatinib monotherapy,22216,f,f,e
Letrozole and Palbociclib,9025,f,f,e
Letrozole and Ribociclib,9026,f,f,e
Letrozole-Tamoxifen,117844,f,f,e
Letrozole monotherapy,8305,f,f,e
Leuprolide monotherapy,8554,f,f,e
Linsitinib monotherapy,60901,f,f,e
Lorlatinib monotherapy,30890,f,f,e
Lusutrombopag monotherapy,37601,f,f,e
Mavorixafor monotherapy,144016,f,f,e
Medroxyprogesterone acetate monotherapy,10406,f,f,e
Megestrol and Tamoxifen,17700,f,f,e
Megestrol monotherapy,10444,f,f,e
MPT,26649,f,f,e
Mercaptopurine and Methotrexate,2473,f,f,e
"Mercaptopurine, Methotrexate, Vinblastine, Prednisolone",24097,f,f,e
POMP,2204,f,f,e
VAMP (Amethopterin),2169,f,f,e
"Mercaptopurine, Methotrexate, Vincristine",4622,f,f,e
Mercaptopurine and Vincristine,58219,f,f,e
MVBP,10975,f,f,e
M-TIP,37352,f,f,b
R-COPADM,10542,f,f,e
L-Asparaginase and Methotrexate,4365,f,f,e
Cytarabine and Methotrexate (CYM),10624,f,f,e
Methotrexate monotherapy,5092,f,f,e
Ifosfamide and Methotrexate,11013,f,f,e
Methylprednisolone monotherapy,37637,f,f,e
Midostaurin monotherapy,1900,f,f,e
UFTM,20308,f,f,e
Mitoxantrone and Prednisone,34790,f,f,e
Mobocertinib monotherapy,69110,f,f,e
Mycophenolate mofetil monotherapy,23953,f,f,e
Neratinib monotherapy,9469,f,f,e
Nilotinib monotherapy,4852,f,f,e
Niraparib monotherapy,32012,f,f,e
Abiraterone and Niraparib (combined pill),141977,f,f,e
Nirogacestat monotherapy,30827,f,f,e
Octreotide monotherapy,28822,f,f,e
Olaparib monotherapy,8256,f,f,e
Olutasidenib monotherapy,111360,f,f,e
Osimertinib monotherapy,10746,f,f,e
Paclitaxel and Pazopanib,32266,f,f,e
Pacritinib monotherapy,92607,f,f,e
Sotorasib and Panitumumab,136234,f,f,e
Panobinostat monotherapy,1967,f,f,e
Pazopanib monotherapy,20622,f,f,e
Nintedanib and Pemetrexed,48016,f,f,e
Pirtobrutinib monotherapy,32500,f,f,e
Pomalidomide and Prednisone,27730,f,f,e
Pomalidomide monotherapy,27496,f,f,e
Ponatinib monotherapy,4920,f,f,e
Pralsetinib monotherapy,62403,f,f,e
IAP,2217,f,f,e
Tamoxifen and Prednisolone,9196,f,f,e
Thalidomide and Prednisolone (TP),26679,f,f,e
Prednisolone monotherapy,808,f,f,e
PT,10225,f,f,e
"L-Asparaginase, Vincristine, Prednisone",5017,f,f,e
COPAD,10623,f,f,e
Vincristine and Prednisone,4356,f,f,e
Prednisone monotherapy,801,f,f,e
Radotinib monotherapy,13214,f,f,e
Regorafenib monotherapy,11801,f,f,e
Ripretinib monotherapy,18400,f,f,e
Rivaroxaban monotherapy,3575,f,f,e
Rucaparib monotherapy,32005,f,f,e
Ruxolitinib monotherapy,1882,f,f,e
Selpercatinib monotherapy,18504,f,f,e
Selumetinib monotherapy,96875,f,f,e
Sonidegib monotherapy,15588,f,f,e
Sorafenib monotherapy,1602,f,f,e
Sotorasib monotherapy,63490,f,f,e
Sunitinib monotherapy,20636,f,f,e
Talazoparib monotherapy,8270,f,f,e
Tamoxifen monotherapy,6131,f,f,e
Medroxyprogesterone acetate and Tamoxifen,17687,f,f,e
Tazemetostat monotherapy,54225,f,f,e
UFT monotherapy,35274,f,f,e
Temozolomide and Thalidomide,32664,f,f,e
Temozolomide monotherapy,1519,f,f,e
Tepotinib monotherapy,61163,f,f,e
Thalidomide monotherapy,26270,f,f,e
Thioguanine monotherapy,38574,f,f,e
Toremifene monotherapy,8858,f,f,e
Trametinib monotherapy,25886,f,f,e
Umbralisib monotherapy,61178,f,f,e
Valemetostat monotherapy,136366,f,f,e
Vandetanib monotherapy,37807,f,f,e
Vemurafenib monotherapy,5142,f,f,e
Vismodegib monotherapy,15595,f,f,e
Vorasidenib monotherapy,120884,f,f,e
Vorinostat monotherapy,2190,f,f,e
Hydroxyurea and Voxelotor,50008,f,f,e
Warfarin monotherapy,3531,f,f,e
Zanubrutinib monotherapy,50483,f,f,e
"CVD, IL-2, IFN alfa-2b - sequential biochemotherapy",25046,f,f,b
High-dose Interleukin-2,25590,f,f,e
BVd,142138,f,f,e
R-ACVBP,15863,f,f,e
"ACVBP, dose-adjusted",33597,f,f,e
Bortezomib and Dexamethasone (Vd),24294,f,f,e
Bortezomib and Panobinostat,33447,f,f,e
Chlorambucil and Prednisone,12741,f,f,e
Cisplatin and Paclitaxel (TP),11235,f,f,b
CMED,33358,f,f,e
R-CHOEP-14,10846,f,f,e
CHOEP-14,3460,f,f,e
ACEP,139560,f,f,e
R-CHOP-14 (Prednisolone),3428,f,f,e
CHOP-14 (Prednisolone),33489,f,f,e
R-CHOP-14 (SC Rituximab),48062,f,f,e
R-MegaCHOP-14,16106,f,f,e
R-CHOP-14,16066,f,f,e
CHOP-14,2676,f,f,e
VEPEMB,23048,f,f,e
Interferon alfa-2b monotherapy,25087,f,f,e
"Cisplatin, Cyclophosphamide, Interferon gamma-1b",32451,f,f,b
Irinotecan and Temozolomide,18751,f,f,e
ACVBP (Methylprednisolone),29033,f,f,e
PAD/VCD,33526,f,f,e
VR-CAP,24552,f,f,e
PAD,26268,f,f,e
BDR,24788,f,f,e
VMP,26214,f,f,e
Bortezomib and Rituximab (VR),19370,f,f,e
Bortezomib and Pegylated liposomal doxorubicin,27198,f,f,e
Augmented BFM consolidation,4607,f,f,e
Cytarabine monotherapy,2183,f,f,e
Dexamethasone monotherapy,10660,f,f,e
"Idarubicin, L-Asparaginase, Vincristine, Prednisone",34241,f,f,e
Ixazomib monotherapy,24336,f,f,e
Ifosfamide and Paclitaxel,17627,f,f,e
FOLFIRI and Bevacizumab,14656,f,f,e
Carboplatin and Etoposide (CE),29282,f,f,c
Cisplatin and Gemcitabine (GC),2570,b,b,b
R2-CHOP,16187,f,f,e
EP-ddCMF,120170,f,f,e
R-DexaBEAM,16296,f,f,e
EPIC (carboplatin),135233,f,f,c
EPIC (cisplatin),135234,f,f,b
"Etoposide, Ifosfamide, Methotrexate",17297,f,f,e
FOLFIRI,14013,f,f,e
Levamisole monotherapy,10115,f,f,e
"MVAC, dose-dense",5330,b,b,b
BBD,26699,f,f,e
Carfilzomib and Dexamethasone (Kd),27208,f,f,e
Carfilzomib monotherapy,26520,f,f,e
IP-BCD,31346,f,f,b
ddAC-ddT,122047,f,f,e
7+3m,1174,f,f,e
Ixazomib and Dexamethasone,24338,f,f,e
FOLFOX,33193,f,f,e
FOLFOX2,14682,f,f,e
FULV,11598,f,f,e
GemOx,11702,f,f,e
SMILE,18827,f,f,e
OXAFAFU,14855,f,f,e
Pentostatin monotherapy,5126,f,f,e
R-GemOx,16610,f,f,e
ATG (Horse) monotherapy,28203,f,f,e
Carboplatin and Gemcitabine (GCb) and Atezolizumab,20332,f,c,c
Cisplatin and Gemcitabine (GC) and Atezolizumab,20326,f,b,b
nab-Paclitaxel and Atezolizumab,9908,f,f,e
Atezolizumab monotherapy,5450,d,d,d
Avelumab monotherapy,5626,f,d,d
Axatilimab monotherapy,145044,f,f,e
BID,38897,f,f,e
BeRT,24781,f,f,e
Bendamustine and Rituximab (BR),11825,f,f,e
Carboplatin and Bevacizumab,3357,f,f,c
Carboplatin and Gemcitabine (GCb) and Bevacizumab,31967,f,f,c
Carboplatin and Paclitaxel (CP) and Bevacizumab,29570,f,f,c
ABC,25325,f,f,c
Cisplatin and Gemcitabine (GC) and Bevacizumab,30082,f,b,b
Fluorouracil and Bevacizumab,35698,f,f,e
FOLFIRINOX and Bevacizumab,39672,f,f,e
IFL and Bevacizumab,14834,f,f,e
FOLFIRINOX and Bevacizumab (L-Leucovorin),14681,f,f,e
FULV and Bevacizumab,47679,f,f,e
FULV and Bevacizumab (L-Leucovorin),135317,f,f,e
GEMOX-B,11787,f,f,e
Gemcitabine and Bevacizumab,8204,f,f,e
Irinotecan and Bevacizumab,3393,f,f,e
IRIS and Bevacizumab,14835,f,f,e
Lomustine and Bevacizumab,47972,f,f,e
Oxaliplatin and Bevacizumab,37490,f,f,e
Paclitaxel and Bevacizumab,7894,f,f,e
"Paclitaxel, nanoparticle albumin-bound and Bevacizumab",7907,f,f,e
Pegylated liposomal doxorubicin and Bevacizumab,8189,f,f,e
Temozolomide and Bevacizumab,25802,f,f,e
Topotecan and Bevacizumab,32297,f,f,e
Trifluridine and tipiracil and Bevacizumab,18840,f,f,e
Bevacizumab monotherapy,3350,f,f,e
BMP,33288,f,f,b
COPP/ABVD,23075,f,f,e
M-BCD,31369,f,f,e
MOPP/ABVD,23545,f,f,e
ABVDm,23404,f,f,e
ABVD,22450,f,f,e
ABVE,9725,f,f,e
ABP,16661,f,f,e
ABV (Vinblastine),37989,f,f,e
ABV (Vincristine),37996,f,f,e
BCHOP,24662,f,f,e
VR-CHOP,17199,f,f,e
VR-CP,19712,f,f,e
Bv-AVEPC,13998,f,f,e
A-AVD,22609,f,f,e
Brentuximab vedotin monotherapy,3478,f,f,e
Cisplatin and Gemcitabine (GC) and Camrelizumab,59045,f,f,b
Camrelizumab monotherapy,5442,f,f,d
GCD,23201,f,f,c
GCD-R,23208,f,f,c
Carboplatin and Docetaxel (DCb),2538,f,f,c
Carboplatin and Gemcitabine (GCb) and Paclitaxel,129493,f,f,c
Carboplatin and Gemcitabine (GCb) and Pembrolizumab,33026,f,c,c
Carboplatin and Gemcitabine (GCb) and Sintilimab,142163,f,f,c
Carboplatin and Gemcitabine (GCb),5458,c,c,c
Carboplatin and Irinotecan,36182,f,f,c
Carboplatin and Paclitaxel (CP),2554,f,c,c
Carboplatin and Paclitaxel (CP) and Pembrolizumab,30172,f,f,c
Carboplatin and nab-Paclitaxel,9810,f,f,c
Carboplatin and Vinorelbine,29588,f,f,c
Cemiplimab monotherapy,15636,f,f,d
mFOLFOXIRI and Cetuximab (L-Leucovorin),15211,f,f,e
Irinotecan and Cetuximab,15219,f,f,e
Cetuximab monotherapy,15199,f,f,e
ECD-GC,145447,f,f,e
"Cisplatin, Dacarbazine, Paclitaxel",25378,f,f,b
DDGP,28548,f,f,b
R-GDP,16336,f,f,b
GDP,3515,f,f,b
mDCF,3185,f,f,b
Cisplatin and Fluorouracil (CF),3176,f,f,b
CLF,17910,f,f,b
Cisplatin and Fluorouracil (CF) and Nivolumab,59044,f,f,b
GIP,31140,f,f,b
Cisplatin and Gemcitabine (GC) and Necitumumab,30186,f,f,b
Cisplatin and Gemcitabine (GC) and Nivolumab,59984,b,b,b
PGC,5416,f,e,b
Cisplatin and Gemcitabine (GC) and nab-Paclitaxel,11730,f,f,b
Cisplatin and Gemcitabine (GC) and Pembrolizumab,60461,f,b,b
Cisplatin and Gemcitabine (GC) and Sintilimab,142236,f,f,b
Cisplatin and Gemcitabine (GC) and Toripalimab,65364,f,f,b
Cisplatin and Irinotecan (IC),2578,f,f,b
Cisplatin and Vinorelbine (CVb) and Nivolumab,59989,f,f,b
Cisplatin and Vindesine,28948,f,f,b
Cisplatin and Vinorelbine (CVb),8092,f,f,b
Chlorambucil and Cisplatin,32387,f,f,b
Cisplatin monotherapy,2561,f,b,b
Cisplatin and Etoposide (EP),17834,f,f,b
Copanlisib monotherapy,19640,f,f,e
COPDAC,22994,f,f,e
ddEC-ddD,145385,f,f,e
ddFEC-ddD,114780,f,f,e
Dose-dense Cyclophosphamide and Doxorubicin (ddAC),5887,f,f,e
ProMACE-MOPP,17156,f,f,e
CAVE,47584,f,f,e
FAC-MV,64019,f,f,e
CAMF,10271,f,f,e
T-FAC,75384,f,f,e
FAC,5993,f,f,e
ddA-ddT-ddC,116852,f,f,e
T-AC,64402,f,f,e
CHOP-BCG,16914,f,f,e
R-CODOX-M,10639,f,f,e
ddE-iddCMF,120099,f,f,e
T-FEC,73485,f,f,e
FEC,5925,f,f,e
T-ddEC,129494,f,f,e
T-EC,64403,f,f,e
iddEnPC,67462,f,f,e
CVP (Vinblastine/Prednisolone),1579,f,f,e
C-MOPP,16961,f,f,e
IT Cytarabine liposomal monotherapy,10859,f,f,e
N-AVD,146200,f,f,e
AVD,22532,f,f,e
Dacarbazine and Gemcitabine,37005,f,f,e
N5/N6,36317,f,f,e
Dactinomycin monotherapy,17590,f,f,e
Daunorubicin liposomal monotherapy,38015,f,f,e
Decitabine monotherapy,1437,f,f,e
AspaMetDex,18834,f,f,e
AspaMetDex (Erwinaze),1011,f,f,e
Dose-dense Docetaxel and Doxorubicin (ddAT),135179,f,f,e
FLOT,17950,f,f,e
Docetaxel and Gemcitabine,2579,f,f,e
Docetaxel and Irinotecan,18369,f,f,e
Docetaxel and Vinorelbine,33138,f,f,e
Docetaxel monotherapy,5645,f,e,e
Doxorubicin and Gemcitabine,35480,f,f,e
VAMP (Methotrexate),22553,f,f,e
Doxorubicin and Olaratumab,36972,f,f,e
OPPA,23000,f,f,e
OEPA,22992,f,f,e
APO,3444,f,f,e
Doxorubicin and Vinblastine,23492,f,f,e
Durvalumab monotherapy,5679,f,d,d
Enfortumab vedotin and Pembrolizumab,120168,a,a,a
Enfortumab vedotin monotherapy,3566,f,e,e
Epirubicin and Vinorelbine (VE),75556,f,f,e
Epirubicin monotherapy,6327,f,f,e
Eribulin and Margetuximab,35482,f,f,e
Eribulin monotherapy,8190,f,f,e
FULV and Gemcitabine,11751,f,f,e
FOLFIRINOX,14680,f,f,e
FOLFOXIRI and Panitumumab,36744,f,f,e
mFOLFIRINOX (no folinic acid),120530,f,f,e
FULV and nanoliposomal Irinotecan,33180,f,f,e
NALIRIFOX,124704,f,f,e
mFOLFOX6,13849,f,f,e
FUFOX,75877,f,f,e
mFOLFOX7 (L-Leucovorin),38740,f,f,e
FAMTX,20489,f,f,e
FEMTX,20502,f,f,e
Fluorouracil and Methotrexate (MF),15369,f,f,e
Formestane monotherapy,10393,f,f,e
Ifosfamide and Gemcitabine,31133,f,f,e
Gemcitabine and Irinotecan,2602,f,f,e
Gemcitabine and Margetuximab,35877,f,f,e
Gemcitabine and Mitomycin,11760,f,f,e
Gemcitabine and Nimotuzumab,136480,f,f,e
"Gemcitabine, Oxaliplatin, Paclitaxel",37471,f,f,e
Gemcitabine and Paclitaxel,5559,f,e,e
Gemcitabine and nab-Paclitaxel,11761,f,f,e
GVD,16505,f,f,e
Gemcitabine and Pegylated liposomal doxorubicin,32157,f,f,e
Gemcitabine and Rituximab,23215,f,f,e
Gemcitabine and Vinorelbine,26117,f,f,e
Gemcitabine monotherapy,5218,f,e,e
R-NIMP,16376,f,f,e
Irinotecan and Mitomycin,18472,f,f,e
IRI-S,51125,f,f,e
COG AHEP0731 protocol W,112636,f,f,e
Irinotecan monotherapy,3374,f,f,e
mFOLFOX6 and Pembrolizumab,67654,f,f,e
PCV,3263,f,f,e
Vinorelbine and Margetuximab,62019,f,f,e
MBVP,89585,f,f,e
MCV,5253,f,f,b
MAPI,31362,f,f,b
Mitoxantrone and Vinorelbine (MV),36152,f,f,e
Nivolumab monotherapy,3192,f,d,d
Paclitaxel and Pembrolizumab,61056,f,f,e
Paclitaxel and Ramucirumab,18506,f,f,e
Paclitaxel monotherapy,5706,f,e,e
nab-Paclitaxel and Pembrolizumab,60940,f,f,e
nab-Paclitaxel and Toripalimab,135942,f,f,e
nab-Paclitaxel monotherapy,9900,f,e,e
Panitumumab monotherapy,15275,f,f,e
Pegylated liposomal doxorubicin monotherapy,7514,f,f,e
Pembrolizumab monotherapy,3199,d,d,d
Pemetrexed monotherapy,5720,f,e,e
Penpulimab monotherapy,113976,f,f,d
Pixantrone monotherapy,16588,f,f,e
Pralatrexate monotherapy,15535,f,f,e
"Cytarabine, Daunorubicin, L-Asparaginase, Teniposide, Vincristine, Prednisone",4956,f,f,e
Ramucirumab monotherapy,18539,f,f,e
Ravulizumab monotherapy,94612,f,f,e
Rituximab monotherapy,810,f,f,e
Romidepsin monotherapy,15542,f,f,e
Ropeginterferon alfa-2b monotherapy,111468,f,f,e
Sacituzumab govitecan monotherapy,13710,f,e,e
Serplulimab monotherapy,136198,f,f,d
Sintilimab monotherapy,111513,f,f,d
nab-Sirolimus monotherapy,36351,f,f,e
Sutimlimab monotherapy,62485,f,f,e
Tocilizumab monotherapy,11225,f,f,e
Topotecan monotherapy,11058,f,f,e
Toripalimab monotherapy,114203,f,d,d
Trabectedin monotherapy,32298,f,f,e
Vinblastine monotherapy,23330,f,f,e
Vinorelbine monotherapy,6944,f,f,e
Zimberelimab monotherapy,114298,f,f,d
Hexa-CAF,32452,f,f,e
Altretamine monotherapy,31796,f,f,e
ATG (Rabbit) monotherapy,28215,f,f,e
Azacitidine oral monotherapy,13673,f,f,e
COP-Bleo,16987,f,f,e
Capecitabine and Mitomycin,11716,f,f,e
Capecitabine and Temozolomide,32588,f,f,e
ChlVPP,23020,f,f,e
LOPP,23499,f,f,e
A-CMF,15543,f,f,e
E-CMF,14381,f,f,e
CEOP,16767,f,f,e
"Cyclophosphamide, Lomustine, Procarbazine",31879,f,f,e
C-MOPP/ABV,22853,f,f,e
Low-dose Cytarabine monotherapy (LoDAC),1485,f,f,e
DD-CHOP,33393,f,f,e
AALL0932 delayed intensification,31766,f,f,e
CALGB 8811 late intensification,47455,f,f,e
Docetaxel and S-1,20219,f,f,e
PEN,17123,f,f,e
Isotretinoin monotherapy,28728,f,f,e
CVPP,23467,f,f,e
COPP (CCNU),23440,f,f,e
MVPP,23558,f,f,e
MOPP-ABV,22533,f,f,e
MOPP,22860,f,f,e
R-THP-COP,136129,f,f,e
Sargramostim monotherapy,115408,f,f,e
Cisplatin and S-1,20150,f,f,b
S-1 monotherapy,7920,f,f,e
CEPP(B),17253,f,f,e
BVDS,23638,f,f,e
Cladribine and Cytarabine,23708,f,f,e
EPOCH,17279,f,f,e
Cyclophosphamide and Doxorubicin (AC),5770,f,f,e
"Lomustine, Methotrexate, Procarbazine",10911,f,f,e
TIP,33273,f,f,b
R-CEOP90,70112,f,f,e
TTR,16648,f,f,e
Arsenic trioxide-ATRA and Daunorubicin,2391,f,f,e
"L-Asparaginase, Vincristine, Dexamethasone",4976,f,f,e
Belinostat monotherapy,15441,f,f,e
CHOP-B,16926,f,f,e
CISCA/VB,37566,f,f,b
EBVP,22617,f,f,e
BV-CHP,3452,f,f,e
R-CHOP/R-DHAP,24516,f,f,b
PAC-P,120640,f,f,e
Cisplatin and Epirubicin,37379,f,f,b
VIP,31220,f,f,b
ESHAP,17233,f,f,b
EP-Topotecan,135232,f,f,e
Cisplatin and Ifosfamide,11480,f,f,b
VeIP,37415,f,f,b
Cisplatin and Temozolomide,34029,f,f,b
PEV,31026,f,f,b
VACA,18681,f,f,e
DRC,38503,f,f,e
CHOEP-21,3468,f,f,e
CDE,36647,f,f,e
O-miniCHOP,16121,f,f,e
Pola-R-CHP,59028,f,f,e
R-CHOP (Prednisolone),3383,f,f,e
CHOP (Prednisolone),1412,f,f,e
R-CHOP (SC Rituximab),3414,f,f,e
R-CHOP,15921,f,f,e
R-CHMP,16157,f,f,e
CHVP,19757,f,f,e
CHOP,3469,f,f,e
CHOP Modified,16900,f,f,e
CEOP (Prednisolone),1407,f,f,e
R-miniCEOP,16107,f,f,e
CNOP (Prednisolone),1459,f,f,e
CNOP,16974,f,f,e
R-CDOP,16135,f,f,e
CCOP,16752,f,f,e
CVP (Prednisolone),1544,f,f,e
CVPP (Cyclophosphamide),135137,f,f,e
R-CVP,19046,f,f,e
CVD (Vinblastine),25385,f,f,b
Dacarbazine monotherapy,25429,f,f,e
EVAIA,18673,f,f,e
Darinaparsin monotherapy,135143,f,f,e
Denileukin diftitox monotherapy,15496,f,f,e
Melphalan and Dexamethasone,58161,f,f,e
DA-R-EPOCH,10625,f,f,e
DA-EPOCH,3470,f,f,e
Doxorubicin and Etoposide,75633,f,f,e
PVAG,23041,f,f,e
Doxorubicin and Ifosfamide,36957,f,f,e
VAMP,27942,f,f,e
VAP,10529,f,f,e
CAV,36209,f,f,e
Docetaxel and Estramustine,34702,f,f,e
FMP,19871,f,f,e
FOLFOX chronotherapy,15397,f,f,e
FULV (L-Leucovorin),4375,f,f,e
Ifosfamide monotherapy,11510,f,f,e
Ifosfamide and Vinorelbine,23242,f,f,e
"Irinotecan, Temozolomide, Dinutuximab",28748,f,f,e
Nelarabine monotherapy,37148,f,f,e
Ox-P,25006,f,f,e
VCAP,17172,f,f,e
Tagraxofusp monotherapy,5728,f,f,e
Teniposide monotherapy,36331,f,f,e
Trifluridine and tipiracil monotherapy,15184,f,f,e
Belotecan and Cisplatin,36088,f,f,b
BVR,19627,f,f,e
Bleomycin and Cisplatin,15578,f,f,b
VcR-CVAD,24632,f,f,e
PAD (Pegylated liposomal doxorubicin substituted),72205,f,f,e
R-DHAC,24453,f,f,c
ABCM,27774,f,f,e
VIPD,17246,f,f,b
DICE,17260,f,f,c
R-DHAP,16306,f,f,b
DHAP,3508,f,f,b
ADOC,37683,f,f,b
"Cisplatin, Epirubicin, Ifosfamide",31326,f,f,b
Cladribine and Rituximab,21218,f,f,e
BrECADD,142119,f,f,e
R-DHAOx,16299,f,f,e
R-HAD,144238,f,f,e
EIA,36733,f,f,e
TMF,10226,f,f,e
IGEV,22656,f,f,e
BeGEV,23102,f,f,e
Melphalan monotherapy,4244,f,f,e
Amrubicin monotherapy,30443,f,f,e
Carboplatin and Etoposide (CE) and Atezolizumab,36179,f,f,c
Carboplatin and Etoposide (CE) and Bevacizumab,48854,f,f,c
Cisplatin and Etoposide (EP) and Bevacizumab,36312,f,f,b
"Paclitaxel, Topotecan, Bevacizumab",11554,f,f,e
COG A3961 protocol,28714,f,f,e
Carboplatin and Etoposide (CE) and Pembrolizumab,14166,f,f,c
Carboplatin and Etoposide (CE) and Serplulimab,14342,f,f,c
Carboplatin and Etoposide (CE) and Tislelizumab,142161,f,f,c
Carboplatin and Ifosfamide,11386,f,f,c
Carboplatin and Cisplatin,1279,f,f,b
CDB,25940,f,f,b
BCVPP,23411,f,f,e
CAV/PE,36620,f,f,b
CVD (Vindesine),25404,f,f,b
FLEP,17943,f,f,b
Cisplatin and Etoposide (EP) and Pembrolizumab,16429,f,f,b
Cisplatin and Etoposide (EP) and Tislelizumab,142224,f,f,b
Cisplatin and Topotecan,11509,f,f,b
R-CMD,19363,f,f,e
CAMP,31076,f,f,e
R-CVEP,16603,f,f,e
mCOP/MP,27789,f,f,e
HIT-SKK'92 regimen,114402,f,f,e
Decitabine and Valproate,2148,f,f,e
VIDE,18703,f,f,e
IVE,61853,f,f,e
Epirubicin and Ifosfamide,36420,f,f,e
FELV,11750,f,f,e
MINE,17231,f,f,e
Etoposide and Methylprednisolone,24060,f,f,e
R-FM,19236,f,f,e
FM,19386,f,f,e
MAP,31342,f,f,b
Paclitaxel and Topotecan,11553,f,f,e
Bortezomib and Prednisone (VP),26514,f,f,e
CLAG-M,1641,f,f,e
Stanford V,21163,f,f,e
Interferon alfa-2b and Prednisone,28097,f,f,e
COG ANBL 0032 Regimen A,116794,f,f,e
Olverembatinib monotherapy,146294,f,f,e
Thiotepa monotherapy,5249,f,f,e
7+3i and Vorinostat,1974,f,f,e
"Azacitidine, Vorinostat, Gemtuzumab ozogamicin",2232,f,f,e
Azacitidine and Vorinostat,13461,f,f,e
Azacitidine monotherapy,1358,f,f,e
Bendamustine and Brentuximab vedotin,46322,f,f,e
VMD,24306,f,f,e
"Cisplatin, Doxorubicin, Paclitaxel",17582,f,f,b
"Cyclophosphamide, Dacarbazine, Vincristine",33499,f,f,e
ACOMLA,16674,f,f,e
CISCA,5482,f,b,b
VAI,18705,f,f,e
Cisplatin and Docetaxel (DC),2569,f,f,b
MAPIE,31345,f,f,b
Doxorubicin and Paclitaxel (AT),6316,f,f,e
PCR,12169,f,f,e
Atezolizumab and Bevacizumab,29980,f,f,e
ABCP,29978,f,f,c
"Cisplatin and Paclitaxel (TP), Atezolizumab, Bevacizumab",135075,f,f,b
Carboplatin and Paclitaxel (CP) and Atezolizumab,50041,f,f,c
"Carboplatin, Pemetrexed, Atezolizumab",33152,f,f,c
"Cisplatin, Pemetrexed, Atezolizumab",34079,f,f,b
Belantamab mafodotin monotherapy,4407,f,f,e
"Carboplatin and Paclitaxel (CP), Bevacizumab, Cadonilimab",145221,f,f,c
"Cisplatin and Paclitaxel (TP), Bevacizumab, Cadonilimab",145320,f,f,b
"Carboplatin and Paclitaxel (CP), Bevacizumab, Nivolumab",26720,f,f,c
"Carboplatin and Paclitaxel (CP), Bevacizumab, Pembrolizumab",60810,f,f,c
"Carboplatin, Pemetrexed, Bevacizumab",30050,f,f,c
Cisplatin and Bevacizumab,4401,f,f,b
Cisplatin and Paclitaxel (TP) and Bevacizumab,11505,f,f,b
"Cisplatin and Paclitaxel (TP), Bevacizumab, Pembrolizumab",65366,f,f,b
"Cisplatin, Pemetrexed, Bevacizumab",26085,f,f,b
D-AC+Bev,56896,f,f,e
EC-D and Bevacizumab,58393,f,f,e
Cyclophosphamide and Doxorubicin (AC) and Bevacizumab,5885,f,f,e
FAC and Bevacizumab,7695,f,f,e
Cyclophosphamide and Epirubicin (EC) and Bevacizumab,7533,f,f,e
FEC and Bevacizumab,7764,f,f,e
Docetaxel and Bevacizumab,5886,f,f,e
Doxorubicin and Bevacizumab,8180,f,f,e
Non-pegylated liposomal doxorubicin and Bevacizumab,8182,f,f,e
Pemetrexed and Bevacizumab,30051,f,f,e
Vinorelbine and Bevacizumab,8249,f,f,e
SCAB,23566,f,f,e
CVB,23652,f,f,e
Bleomycin and Vincristine (BO),37324,f,f,e
Brentuximab vedotin and Dacarbazine,23013,f,f,e
Carboplatin and Paclitaxel (CP) and Cadonilimab,145205,f,f,c
Cisplatin and Paclitaxel (TP) and Cadonilimab,145308,f,f,b
Carboplatin and Paclitaxel (CP) and Camrelizumab,59536,f,f,c
"Carboplatin, Pemetrexed, Camrelizumab",60813,f,f,c
Cisplatin and Paclitaxel (TP) and Camrelizumab,59047,f,f,b
Carboplatin and Paclitaxel (CP) and Cemiplimab,110544,f,f,c
"Carboplatin, Pemetrexed, Cemiplimab",110546,f,f,c
Carboplatin and Doxorubicin,4822,f,f,c
FLEC,32803,f,f,c
Carboplatin and Fluorouracil,21770,f,f,c
"Carboplatin, Fluorouracil, Pembrolizumab",60811,f,f,c
"Carboplatin and Paclitaxel (CP) and Ipilimumab, Nivolumab",2822,f,f,c
"Carboplatin, Pemetrexed, Ipilimumab, Nivolumab",2834,f,f,c
Carboplatin and Paclitaxel (CP) and Ipilimumab,29571,f,f,c
Carboplatin and Paclitaxel (CP) and Nivolumab,59546,f,f,c
Carboplatin and Paclitaxel (CP) and Penpulimab,139843,f,f,c
Carboplatin and Paclitaxel (CP) and Sugemalimab,59550,f,f,c
Carboplatin and Paclitaxel (CP) and Tislelizumab,50101,f,f,c
Carboplatin and Pegylated liposomal doxorubicin,17526,f,f,c
"Carboplatin, Pemetrexed, Pembrolizumab",29572,f,f,c
Carboplatin and Pemetrexed,26028,f,f,c
"Carboplatin, Pemetrexed, Sintilimab",2848,f,f,c
"Carboplatin, Pemetrexed, Sugemalimab",59657,f,f,c
"Carboplatin, Pemetrexed, Tislelizumab",12920,f,f,c
Carboplatin and nab-Paclitaxel (CnP) and Serplulimab,139842,f,f,c
Carboplatin and nab-Paclitaxel (CnP) and Tislelizumab,50019,f,f,c
Carboplatin and Vincristine,24375,f,f,c
Carmustine and Doxorubicin,28123,f,f,e
Cisplatin and Paclitaxel (TP) and Cemiplimab,110602,f,f,b
"Cisplatin, Pemetrexed, Cemiplimab",110603,f,f,b
Cisplatin and Cyclophosphamide,32318,f,f,b
CEP,23645,f,f,b
Baby POG I protocol,112502,f,f,e
Cisplatin and Dacarbazine,25369,f,f,b
Cisplatin and Docetaxel (DC) and Durvalumab,65363,f,f,b
DCF,18354,f,f,b
Cisplatin and Docetaxel (DC) and Nivolumab,59980,f,f,b
ECF,11737,f,f,b
PEFG,33129,f,f,b
MCF,18493,f,f,b
Cisplatin and Fluorouracil (CF) and Panitumumab,21848,f,f,b
Cisplatin and Fluorouracil (CF) and Pembrolizumab,33004,f,f,b
Cisplatin and Fluorouracil (CF) and Sugemalimab,139925,f,f,b
Cisplatin and Fluorouracil (CF) and Tislelizumab,15228,f,f,b
MIC,30994,f,f,b
"Cisplatin, Pemetrexed, Ipilimumab, Nivolumab",4282,f,f,b
MVP (Vinblastine),31166,f,f,b
"Cisplatin, Pemetrexed, Nivolumab",60005,f,f,b
Cisplatin and Paclitaxel (TP) and Pembrolizumab,65367,f,f,b
Cisplatin and Paclitaxel (TP) and Tislelizumab,121885,f,f,b
Cisplatin and Paclitaxel (TP) and Toripalimab,60003,f,f,b
"Cisplatin, Pemetrexed, Pembrolizumab",30151,f,f,b
Cisplatin and Pemetrexed,26070,f,f,b
"Cisplatin, Pemetrexed, Sintilimab",4415,f,f,b
"Cisplatin, Pemetrexed, Tislelizumab",14633,f,f,b
Cisplatin and Raltitrexed,26084,f,f,b
Cisplatin and Vinblastine,28947,f,f,b
Cyclophosphamide and Docetaxel (TC),6592,f,f,e
AC-D,1091,f,f,e
EC-D,20160,f,f,e
D-FEC,28393,f,f,e
"TH-FEC (Docetaxel, SC Trastuzumab)",38870,f,f,e
AT-CMF,121240,f,f,e
FAC-T,112749,f,f,e
MACC,31147,f,f,e
AC-T,47375,f,f,e
Cyclophosphamide and Epirubicin (EC),5924,f,f,e
CMF-E,121894,f,f,e
FEC and H,9399,f,f,e
nP-EC,120601,f,f,e
FNC,10102,f,f,e
Cyclophosphamide and Lomustine,31855,f,f,e
Cyclophosphamide and Non-pegylated liposomal doxorubicin (MC),7783,f,f,e
CMFV,10335,f,f,e
Dacarbazine and Doxorubicin,36938,f,f,e
MAID,36985,f,f,e
Darbepoetin alfa monotherapy,139994,f,f,e
Docetaxel and Doxorubicin (AT),7157,f,f,e
Docetaxel and Epirubicin (DE),5895,f,f,e
E-D,63774,f,f,e
Docetaxel and Nedaplatin,30188,f,f,e
Docetaxel and Ramucirumab,5678,f,e,e
PAF,10188,f,f,e
FAM,20464,f,f,e
Doxorubicin and Streptozocin,32590,f,f,e
Doxorubicin and Trabectedin,53003,f,f,e
Doxorubicin monotherapy,5217,f,f,e
EOF,17941,f,f,e
EVI,36682,f,f,e
Epirubicin and Paclitaxel (EP),5979,f,f,e
Intrahepatic floxuridine,135719,f,f,e
IFL,14809,f,f,e
"Fluorouracil, Folinic acid, Mitomycin",20281,f,f,e
FLOX,13828,f,f,e
OLF,20288,f,f,e
Lobaplatin and Fluorouracil,61916,f,f,e
Fluorouracil and Mitomycin,15377,f,f,e
SMF,75620,f,f,e
FUOX,47680,f,f,e
Fluorouracil and Oxaliplatin (FUOX) and Tislelizumab,122390,f,f,e
GVP,23228,f,f,b
Ipilimumab monotherapy,25149,f,f,e
IROX,14836,f,f,e
Irinotecan liposomal monotherapy,18471,f,f,e
Ixabepilone monotherapy,8205,f,f,e
Lurbinectedin monotherapy,26773,f,f,e
Luspatercept monotherapy,54064,f,f,e
Mepolizumab monotherapy,23780,f,f,e
MMM,36167,f,f,e
Mirvetuximab soravtansine monotherapy,58327,f,f,e
Mitomycin and Vinblastine (MV),36146,f,f,e
Mitoxantrone monotherapy,10496,f,f,e
Non-pegylated liposomal doxorubicin monotherapy,8181,f,f,e
Oxaliplatin and Paclitaxel,124940,f,f,e
"Oxaliplatin, Paclitaxel, Tislelizumab",124943,f,f,e
SOX,14862,f,f,e
Paclitaxel and Vinorelbine,48914,f,f,e
Pegylated liposomal doxorubicin and Trabectedin,32164,f,f,e
Pertuzumab and Trastuzumab,9691,f,f,e
Pertuzumab and Trastuzumab hyaluronidase monotherapy,120663,f,f,e
Raltitrexed monotherapy,94443,f,f,e
Siltuximab monotherapy,11204,f,f,e
Sugemalimab monotherapy,72842,f,f,d
Tabelecleucel monotherapy,114495,f,f,e
Tislelizumab monotherapy,75394,f,d,d
Tisotumab vedotin monotherapy,71308,f,f,e
Trastuzumab monotherapy,6132,f,f,e
Trastuzumab and hyaluronidase monotherapy,38874,f,f,e
Trastuzumab deruxtecan monotherapy,3594,f,f,e
Trastuzumab emtansine monotherapy,17428,f,f,e
Vinflunine monotherapy,5727,f,e,e
Clofarabine and LoDAC/Decitabine,1438,f,f,e
Isotretinoin and Dinutuximab beta,84292,f,f,e
Melphalan and Prednisone (MP),24261,f,f,e
R-MCP,10984,f,f,e
Mini-BEAM,23273,f,f,e
ABDIC,23590,f,f,e
BCOP,16720,f,f,e
BHD,25926,f,f,e
MCP (Prednisolone),2944,f,f,e
MCP,19854,f,f,e
"Cisplatin, Dacarbazine, Interferon alfa-2b",25953,f,f,b
DHAP/VIM,120112,f,f,e
Cladribine and Prednisone,75832,f,f,e
DRC (SC rituximab),120139,f,f,e
FCM,11925,f,f,e
Decitabine and cedazuridine monotherapy,14236,f,f,e
FND,19840,f,f,e
FAS,32610,f,f,e
Fludarabine and Prednisone,12512,f,f,e
Fludarabine and Rituximab (FR),12782,f,f,e
Fludarabine monotherapy,12216,f,f,e
Fluorouracil and Heptaplatin (FH),34754,f,f,e
Moxetumomab pasudotox monotherapy,21270,f,f,e
Procarbazine monotherapy,10993,f,f,e
"Cytarabine, Idarubicin, Vorinostat",1976,f,f,e
VAB-6,48173,f,f,b
VAD (Pegylated liposomal doxorubicin substituted),26872,f,f,e
AVCF,47552,f,f,e
MP (Prednisolone),2989,f,f,e
R-BAC,12633,f,f,e
FCR,2937,f,f,e
FCA,11912,f,f,e
Fludarabine and Alemtuzumab,12020,f,f,e
Carboplatin and Teniposide,24419,f,f,c
CMC,11911,f,f,e
Cladribine and Cyclophosphamide (CC),11846,f,f,e
COPAD/CYVE,10657,f,f,e
miniCHOP-F,135914,f,f,e
CAP,12683,f,f,e
PCDE,36695,f,f,b
FCR (SC Rituximab),47670,f,f,e
Cytarabine and Daunorubicin,1005,f,f,e
Plicamycin monotherapy,37573,f,f,e
Bleomycin and Vinblastine,37516,f,f,e
VMCP,27995,f,f,e
R-FND,19243,f,f,e
R-INO,16629,f,f,e
Benralizumab monotherapy,34294,f,f,e
Blinatumomab monotherapy,4614,f,f,e
Carboplatin and Cyclophosphamide,47580,f,f,c
Carboplatin and Dacarbazine,30279,f,f,c
Cisplatin and Mitomycin,11487,f,f,b
Cisplatin and Fluorouracil (CF) and Sintilimab,59981,f,f,b
Daratumumab monotherapy,24334,f,f,e
Docetaxel and Nivolumab,17644,f,f,e
Durvalumab and Tremelimumab,7161,f,e,e
Fluorouracil and Paclitaxel,53882,f,f,e
Fulvestrant monotherapy,8935,f,f,e
Aspirin and Hydroxyurea,18562,f,f,e
Inotuzumab ozogamicin monotherapy,4733,f,f,e
Lanreotide Depot/Autogel monotherapy,32618,f,f,e
Lanreotide LAR monotherapy,68217,f,f,e
VCP,27988,f,f,e
Lutetium Lu 177 dotatate and Octreotide LAR,28814,f,f,e
Nivolumab and Relatlimab,58899,f,f,e
Octreotide LAR monotherapy,28842,f,f,e
Ofatumumab monotherapy,12152,f,f,e
Radium-223 monotherapy,34836,f,f,e
Retifanlimab monotherapy,114476,f,f,d
Treosulfan monotherapy,32305,f,f,e
Triptorelin monotherapy,54242,f,f,e
VBMCP,27903,f,f,e
CFP and Bilateral oophorectomy,121580,f,f,e
Methotrexate-Cytarabine,10926,f,f,e
Alemtuzumab monotherapy,2712,f,f,e
Arsenic trioxide and ATRA,2295,f,f,e
Bevacizumab and Interferon alfa-2a,35439,f,f,e
CapIriRT,32955,f,f,e
DAC,1284,f,f,e
DA 3+8,32008,f,f,e
ICL,1335,f,f,e
7+5i,1982,f,f,e
Dacarbazine and Interferon alfa-2a,25569,f,f,e
Interferon alfa and Dexamethasone,26269,f,f,e
Dexamethasone and Eltrombopag,23845,f,f,e
Interferon alfa-2a monotherapy,19214,f,f,e
Interferon alfa monotherapy,13168,f,f,e
MPR,26388,f,f,e
Panobinostat and Rituximab,16587,f,f,e
Pimitespib monotherapy,75339,f,f,e
Abarelix monotherapy,5611,f,f,e
Intraperitoneal 5-FU,14075,f,f,e
HiDAC and G-CSF,1561,f,f,e
Doxorubicin and Fluorouracil,38996,f,f,e
Fluorouracil and Streptozocin,28786,f,f,e
ATRA and Daunorubicin,2392,f,f,e
"R, then CHOP",33649,f,f,e
"Amoxicillin, Clarithromycin, PPI, Bismuth",12012,f,f,e
"Clarithromycin, Tetracycline, PPI, Bismuth",15343,f,f,e
"Metronidazole, Tetracycline, PPI, Bismuth",26857,f,f,e
PF,10195,f,f,e
BVP,37509,f,f,b
CALGB 8811 early intensification,47454,f,f,e
IT Cytarabine monotherapy,10852,f,f,e
M-EI,31370,f,f,e
Interferon alfa-2c monotherapy,35891,f,f,e
MT-R,10962,f,f,e
Selinexor monotherapy,62466,f,f,e
CPX-351 monotherapy,1449,f,f,e
Lomustine monotherapy,20898,f,f,e
Lutetium Lu 177 vipivotide tetraxetan monotherapy,68701,f,f,e
Melphalan isolated hepatic perfusion,124559,f,f,e
CapeOx and Bevacizumab,14197,f,f,e
VBM (Vincristine),33280,f,f,e
ddAC-T,48507,f,f,e
VEPA,17179,f,f,e
BCG and Dacarbazine,25919,f,f,e
"Mitoxantrone, Pegaspargase, Vincristine, Dexamethasone",4740,f,f,e
Selinexor and Dexamethasone (Sd),96863,f,f,e
Vinblastine and Methylprednisolone,144459,f,f,e
CaRD,38490,f,f,e
Rituximab and hyaluronidase monotherapy,48078,f,f,e
Dara-RVd,6472,f,f,e
SVd,62486,f,f,e
COG AHEP0731 protocol F,115810,f,f,e
Cisplatin and Fluorouracil (CF) and Vincristine,28789,f,f,b
EMA/CO,47654,f,f,e
"Cyclophosphamide, Daunorubicin, Vincristine, Prednisolone",1591,f,f,e
Obinutuzumab monotherapy,12076,f,f,e
Doxifluridine and Mitomycin,20432,f,f,e
L-asparaginase monotherapy,37135,f,f,e
Carboplatin and nab-Paclitaxel (CnP) and Atezolizumab,43119,f,f,c
BCG vaccine and Nogapendekin alfa inbakicept,145067,f,f,e
BLD,27581,f,f,e
BTD,27597,f,f,e
Bendamustine and Dexamethasone,12873,f,f,e
PVeBV,37359,f,f,b
Accelerated BEP,37316,f,f,b
CABO,21936,f,f,b
RVDC,26217,f,f,e
RVD,26216,f,f,e
PVD,27736,f,f,e
"Capecitabine and Paclitaxel, nanoparticle albumin-bound",7253,f,f,e
CP-AC and Pembrolizumab,112657,f,f,e
CP-AC,112656,f,f,e
CP-EC and Pembrolizumab,112659,f,f,e
CP-EC,112658,f,f,e
Carboplatin and nab-Paclitaxel (CnP) and Pembrolizumab,30166,f,f,c
KCD,26523,f,f,e
KRd,26556,f,f,e
KPD,27611,f,f,e
MVAC,5315,b,b,b
PET,6085,f,f,b
"Cisplatin, Etoposide, Irinotecan",36393,f,f,b
Cisplatin and Methotrexate,5417,f,f,b
"Cyclophosphamide, Daunorubicin, L-Asparaginase, Vincristine, Prednisone",4338,f,f,e
"Cyclophosphamide, Daunorubicin, Vincristine, Prednisone",4378,f,f,e
CVAD,26266,f,f,e
CRd,24191,f,f,e
PCD,27430,f,f,e
BEACOPP-14 (Prednisolone),1106,f,f,e
BEACOPP-14,22657,f,f,e
C-VAMP,27796,f,f,e
CHVmP-VB,47470,f,f,e
CAMFP,9942,f,f,e
"Cyclophosphamide, Idarubicin, Vincristine, Prednisone",4420,f,f,e
R-CP,33650,f,f,e
Dacarbazine and Vindesine,76205,f,f,e
R-VAD+C,24625,f,f,e
VAD+C,24631,f,f,e
IRd,26544,f,f,e
MRD,24268,f,f,e
ZRd,27764,f,f,e
Lenalidomide and Dexamethasone (Rd),24196,f,f,e
Melphalan flufenamide and Dexamethasone,61307,f,f,e
"Pomalidomide, Dexamethasone, Pembrolizumab",28154,f,f,e
Dexamethasone and Rituximab,23852,f,f,e
FA,76057,f,f,e
MA,31333,f,f,e
"Doxorubicin, Pegaspargase, Vincristine, Prednisone",20997,f,f,e
Efanesoctocog alfa monotherapy,145491,f,f,e
Envafolimab monotherapy,112742,f,f,d
Erythropoietin alfa monotherapy,53866,f,f,e
Erythropoetin beta and Lenalidomide,122282,f,f,e
VIE,35970,f,f,e
FUIRI,47677,f,f,e
Fluorouracil and Semustine,15384,f,f,e
Gemcitabine and Sunitinib,35511,f,f,e
MVEC,58378,f,f,e
Methotrexate and Rituximab,10936,f,f,e
Mogamulizumab monotherapy,15515,f,f,e
Peginterferon alfa-2a monotherapy,18570,f,f,e
Romiplostim monotherapy,23980,f,f,e
Temsirolimus monotherapy,11051,f,f,e
Tovorafenib monotherapy,141488,f,f,e
Intravesicular Valrubicin monotherapy,110994,f,f,e
Cyclophosphamide and Vincristine,28741,f,f,e
Vincristine liposomal monotherapy,4760,f,f,e
ATRA monotherapy,2358,f,f,e
Anlotinib and Gefitinib,142011,f,f,e
Anlotinib monotherapy,37124,f,f,e
Azacitidine and Lenalidomide,13460,f,f,e
R-BL,16128,f,f,e
CAPIRI-Bev,14273,f,f,e
SOX and Bevacizumab,49015,f,f,e
B-CAVe,23626,f,f,e
Bortezomib and Vorinostat,27199,f,f,e
TPC,9692,f,f,c
nab-TPC,144061,f,f,e
Capecitabine and Cisplatin (CX) and Pembrolizumab,60796,f,f,b
Capecitabine and Cisplatin (CX) and Tislelizumab,121525,f,f,b
Capecitabine and Cisplatin (CX),17923,f,f,b
EDC,5978,f,f,e
Capecitabine and Docetaxel (TX),7233,f,f,e
E-X,135194,f,f,e
Capecitabine and Gemcitabine,11673,f,f,e
CAPIRI,14248,f,f,e
Capecitabine and Ixabepilone,8085,f,f,e
Capecitabine and Margetuximab,32896,f,f,e
CapeOx and Nivolumab,32952,f,f,e
CapeOx and Panitumumab,15187,f,f,e
CapeOx and Pembrolizumab,14230,f,f,e
CapeOx and Tislelizumab,14255,f,f,e
Capecitabine and Paclitaxel,7246,f,f,e
Capecitabine and Trastuzumab (XH),9584,f,f,e
Capecitabine and Vinflunine,47461,f,f,e
GTX,33127,f,f,e
Carboplatin and S-1,119988,f,f,c
Carfilzomib and Lenalidomide (KR),60824,f,f,e
CHAD,32380,f,f,b
"Gemcitabine, Cisplatin, S-1",11758,f,f,b
Clarithromycin monotherapy,24993,f,f,e
Cobimetinib monotherapy,17789,f,f,e
eBEACOPP (Prednisolone),1755,f,f,e
BEACOPP,22616,f,f,e
ProMACE-CytaBOM,17149,f,f,e
CHOP and Everolimus,33366,f,f,e
COMP,4935,f,f,e
HiDAC and Midostaurin,1890,f,f,e
"Calaspargase, Daunorubicin, Vincristine, Prednisone",47579,f,f,e
FRD,27689,f,f,e
"Pegaspargase, Vincristine, Dexamethasone",61846,f,f,e
DOS,65877,f,f,e
Paclitaxel and Fruquitinib,144168,f,f,e
Fruquintinib monotherapy,80322,f,f,e
Gemcitabine and S-1,38854,f,f,e
Infigratinib monotherapy,63414,f,f,e
RICER,16369,f,f,c
"Tegafur, Uracil, Folinic acid",13973,f,f,e
MPV,10943,f,f,e
Pemigatinib monotherapy,13367,f,f,e
R-EPOCH,16321,f,f,e
F-MACHOP,17019,f,f,e
R-MPV,10999,f,f,e
Vorinostat and Rituximab,19705,f,f,e
Tivozanib monotherapy,99554,f,f,e
COJEC,28113,f,f,e
Methotrexate-Cytarabine and Thiotepa,10928,f,f,e
Nadofaragene firadenovec monotherapy,111274,f,f,e
